<?xml version="1.0" encoding="windows-1252" ?>
<adfc-config xmlns="http://xmlns.oracle.com/adf/controller" version="1.2">
  <view id="Search">
    <page>/Search.jspx</page>
  </view>
  <view id="create">
    <page>/create.jspx</page>
  </view>
  <control-flow-rule id="__1">
    <from-activity-id id="__2">Search</from-activity-id>
    <control-flow-case id="__4">
      <from-outcome id="__5">*connect</from-outcome>
      <to-activity-id id="__3">create</to-activity-id>
    </control-flow-case>
  </control-flow-rule>
  <control-flow-rule id="__6">
    <from-activity-id id="__7">create</from-activity-id>
    <control-flow-case id="__9">
      <from-outcome id="__10">*connectback</from-outcome>
      <to-activity-id id="__8">Search</to-activity-id>
    </control-flow-case>
  </control-flow-rule>
</adfc-config>
