<?xml version="1.0" encoding="windows-1252" ?>
<!DOCTYPE Entity SYSTEM "jbo_03_01.dtd">
<!---->
<Entity
  xmlns="http://xmlns.oracle.com/bc4j"
  Name="MnjCourierCountryInfoEO"
  Version="11.1.1.62.29"
  InheritPersonalization="true"
  DBObjectType="table"
  DBObjectName="MNJ_COURIER_COUNTRY_INFO"
  AliasName="MnjCourierCountryInfoEO"
  BindingStyle="OracleName"
  UseGlueCode="false"
  RowClass="model.MnjCourierCountryInfoEOImpl">
  <DesignTime>
    <Attr Name="_codeGenFlag2" Value="Init|Delete|Access|DML"/>
    <AttrArray Name="_publishEvents"/>
    <Attr Name="_isCodegen" Value="true"/>
  </DesignTime>
  <Attribute
    Name="CourierName"
    Precision="60"
    ColumnName="COURIER_NAME"
    SQLType="VARCHAR"
    Type="java.lang.String"
    ColumnType="VARCHAR2"
    TableName="MNJ_COURIER_COUNTRY_INFO">
    <DesignTime>
      <Attr Name="_DisplaySize" Value="60"/>
    </DesignTime>
  </Attribute>
  <Attribute
    Name="Country"
    Precision="60"
    ColumnName="COUNTRY"
    SQLType="VARCHAR"
    Type="java.lang.String"
    ColumnType="VARCHAR2"
    TableName="MNJ_COURIER_COUNTRY_INFO">
    <DesignTime>
      <Attr Name="_DisplaySize" Value="60"/>
    </DesignTime>
  </Attribute>
  <Attribute
    Name="Zone"
    ColumnName="ZONE"
    SQLType="NUMERIC"
    Type="oracle.jbo.domain.Number"
    ColumnType="NUMBER"
    TableName="MNJ_COURIER_COUNTRY_INFO">
    <DesignTime>
      <Attr Name="_DisplaySize" Value="22"/>
    </DesignTime>
  </Attribute>
  <Attribute
    Name="Id"
    ColumnName="ID"
    SQLType="NUMERIC"
    Type="oracle.jbo.domain.Number"
    ColumnType="NUMBER"
    TableName="MNJ_COURIER_COUNTRY_INFO">
    <DesignTime>
      <Attr Name="_DisplaySize" Value="22"/>
    </DesignTime>
  </Attribute>
  <Attribute
    Name="RowID"
    IsUpdateable="false"
    ColumnName="ROWID"
    SQLType="ROWID"
    Type="oracle.jbo.domain.RowID"
    ColumnType="ROWID"
    TableName="MNJ_COURIER_COUNTRY_INFO"
    PrimaryKey="true"/>
</Entity>
