<?xml version="1.0" encoding="windows-1252" ?>
<!DOCTYPE Entity SYSTEM "jbo_03_01.dtd">
<!---->
<Entity
  xmlns="http://xmlns.oracle.com/bc4j"
  Name="Intern2021LEO"
  Version="11.1.1.62.29"
  InheritPersonalization="true"
  DBObjectType="table"
  DBObjectName="INTERN_2021_L"
  AliasName="Intern2021LEO"
  BindingStyle="JDBC"
  UseGlueCode="false"
  RowClass="model.entity.Intern2021LEOImpl">
  <DesignTime>
    <AttrArray Name="_publishEvents"/>
    <Attr Name="_codeGenFlag2" Value="Init|Delete|Access|DML"/>
    <Attr Name="_isCodegen" Value="true"/>
  </DesignTime>
  <Attribute
    Name="Buyerid"
    ColumnName="BUYERID"
    SQLType="NUMERIC"
    Type="oracle.jbo.domain.Number"
    ColumnType="NUMBER"
    TableName="INTERN_2021_L">
    <DesignTime>
      <Attr Name="_DisplaySize" Value="39"/>
    </DesignTime>
  </Attribute>
  <Attribute
    Name="Buyername"
    Precision="100"
    ColumnName="BUYERNAME"
    SQLType="CHAR"
    Type="java.lang.String"
    ColumnType="CHAR"
    TableName="INTERN_2021_L"
    RetrievedOnUpdate="true"
    RetrievedOnInsert="true">
    <DesignTime>
      <Attr Name="_DisplaySize" Value="100"/>
    </DesignTime>
  </Attribute>
  <Attribute
    Name="BuyerContact"
    Precision="11"
    Scale="0"
    ColumnName="BUYER_CONTACT"
    SQLType="NUMERIC"
    Type="oracle.jbo.domain.Number"
    ColumnType="NUMBER"
    TableName="INTERN_2021_L">
    <DesignTime>
      <Attr Name="_DisplaySize" Value="12"/>
    </DesignTime>
  </Attribute>
  <Attribute
    Name="Country"
    Precision="100"
    ColumnName="COUNTRY"
    SQLType="CHAR"
    Type="java.lang.String"
    ColumnType="CHAR"
    TableName="INTERN_2021_L"
    RetrievedOnUpdate="true"
    RetrievedOnInsert="true">
    <DesignTime>
      <Attr Name="_DisplaySize" Value="100"/>
    </DesignTime>
  </Attribute>
  <Attribute
    Name="CountryCode"
    Precision="50"
    ColumnName="COUNTRY_CODE"
    SQLType="VARCHAR"
    Type="java.lang.String"
    ColumnType="VARCHAR2"
    TableName="INTERN_2021_L">
    <DesignTime>
      <Attr Name="_DisplaySize" Value="50"/>
    </DesignTime>
  </Attribute>
  <Attribute
    Name="CountryName"
    Precision="100"
    ColumnName="COUNTRY_NAME"
    SQLType="VARCHAR"
    Type="java.lang.String"
    ColumnType="VARCHAR2"
    TableName="INTERN_2021_L">
    <DesignTime>
      <Attr Name="_DisplaySize" Value="100"/>
    </DesignTime>
  </Attribute>
  <Attribute
    Name="LineId"
    IsNotNull="true"
    ColumnName="LINE_ID"
    SQLType="NUMERIC"
    Type="oracle.jbo.domain.Number"
    ColumnType="NUMBER"
    TableName="INTERN_2021_L"
    PrimaryKey="true">
    <DesignTime>
      <Attr Name="_DisplaySize" Value="39"/>
    </DesignTime>
  </Attribute>
  <Attribute
    Name="RowId1"
    ColumnName="ROW_ID"
    SQLType="NUMERIC"
    Type="oracle.jbo.domain.Number"
    ColumnType="NUMBER"
    TableName="INTERN_2021_L">
    <DesignTime>
      <Attr Name="_DisplaySize" Value="39"/>
    </DesignTime>
  </Attribute>
  <Attribute
    Name="Season"
    Precision="100"
    ColumnName="SEASON"
    SQLType="CHAR"
    Type="java.lang.String"
    ColumnType="CHAR"
    TableName="INTERN_2021_L"
    RetrievedOnUpdate="true"
    RetrievedOnInsert="true">
    <DesignTime>
      <Attr Name="_DisplaySize" Value="100"/>
    </DesignTime>
  </Attribute>
  <AccessorAttribute
    Name="Intern2021EO"
    Association="model.entity.Intern2021LR01Assoc"
    AssociationEnd="model.entity.Intern2021LR01Assoc.Intern2021EO"
    AssociationOtherEnd="model.entity.Intern2021LR01Assoc.Intern2021LEO"
    Type="model.entity.Intern2021EOImpl"
    IsUpdateable="true"/>
  <Key
    Name="Intern2021LR01">
    <DesignTime>
      <Attr Name="_referencedKey" Value="INTERN_2021_PK"/>
      <Attr Name="_isForeign" Value="true"/>
      <Attr Name="_DBObjectName" Value="INTERN_2021_L_R01"/>
    </DesignTime>
    <AttrArray Name="Attributes">
      <Item Value="model.entity.Intern2021LEO.RowId1"/>
    </AttrArray>
  </Key>
</Entity>
