<?xml version="1.0" encoding="windows-1252" ?>
<!DOCTYPE Association SYSTEM "jbo_03_01.dtd">
<!---->
<Association
  xmlns="http://xmlns.oracle.com/bc4j"
  Name="Intern2021LR01Assoc"
  Version="11.1.1.62.29"
  InheritPersonalization="true">
  <DesignTime>
    <Attr Name="_isCodegen" Value="true"/>
  </DesignTime>
  <AssociationEnd
    Name="Intern2021EO"
    Cardinality="1"
    Source="true"
    Owner="model.entity.Intern2021EO">
    <DesignTime>
      <Attr Name="_aggregation" Value="0"/>
      <Attr Name="_finderName" Value="Intern2021EO"/>
      <Attr Name="_foreignKey" Value="model.entity.Intern2021EO.Intern2021Pk"/>
      <Attr Name="_isUpdateable" Value="true"/>
    </DesignTime>
    <AttrArray Name="Attributes">
      <Item Value="model.entity.Intern2021EO.RowId1"/>
    </AttrArray>
  </AssociationEnd>
  <AssociationEnd
    Name="Intern2021LEO"
    Cardinality="-1"
    Owner="model.entity.Intern2021LEO">
    <DesignTime>
      <Attr Name="_aggregation" Value="0"/>
      <Attr Name="_finderName" Value="Intern2021LEO"/>
      <Attr Name="_foreignKey"
        Value="model.entity.Intern2021LEO.Intern2021LR01"/>
      <Attr Name="_isUpdateable" Value="true"/>
    </DesignTime>
    <AttrArray Name="Attributes">
      <Item Value="model.entity.Intern2021LEO.RowId1"/>
    </AttrArray>
  </AssociationEnd>
</Association>
