<?xml version="1.0" encoding="windows-1252" ?>
<!DOCTYPE Entity SYSTEM "jbo_03_01.dtd">
<!---->
<Entity
  xmlns="http://xmlns.oracle.com/bc4j"
  Name="Intern2021EO"
  Version="11.1.1.62.29"
  InheritPersonalization="true"
  DBObjectType="table"
  DBObjectName="INTERN_2021"
  AliasName="Intern2021EO"
  BindingStyle="OracleName"
  UseGlueCode="false"
  RowClass="model.entityObject.Intern2021EOImpl">
  <DesignTime>
    <Attr Name="_codeGenFlag2" Value="Init|Delete|Access|DML"/>
    <AttrArray Name="_publishEvents"/>
    <Attr Name="_isCodegen" Value="true"/>
  </DesignTime>
  <Attribute
    Name="RowId1"
    IsNotNull="true"
    ColumnName="ROW_ID"
    SQLType="NUMERIC"
    Type="oracle.jbo.domain.Number"
    ColumnType="NUMBER"
    TableName="INTERN_2021"
    PrimaryKey="true">
    <DesignTime>
      <Attr Name="_DisplaySize" Value="39"/>
    </DesignTime>
  </Attribute>
  <Attribute
    Name="Buyername"
    Precision="100"
    ColumnName="BUYERNAME"
    SQLType="CHAR"
    Type="java.lang.String"
    ColumnType="CHAR"
    TableName="INTERN_2021"
    RetrievedOnUpdate="true"
    RetrievedOnInsert="true">
    <DesignTime>
      <Attr Name="_DisplaySize" Value="100"/>
    </DesignTime>
  </Attribute>
  <Attribute
    Name="Buyerid"
    ColumnName="BUYERID"
    SQLType="NUMERIC"
    Type="oracle.jbo.domain.Number"
    ColumnType="NUMBER"
    TableName="INTERN_2021">
    <DesignTime>
      <Attr Name="_DisplaySize" Value="39"/>
    </DesignTime>
  </Attribute>
  <Attribute
    Name="Season"
    Precision="100"
    ColumnName="SEASON"
    SQLType="CHAR"
    Type="java.lang.String"
    ColumnType="CHAR"
    TableName="INTERN_2021"
    RetrievedOnUpdate="true"
    RetrievedOnInsert="true">
    <DesignTime>
      <Attr Name="_DisplaySize" Value="100"/>
    </DesignTime>
  </Attribute>
  <Attribute
    Name="Country"
    Precision="100"
    ColumnName="COUNTRY"
    SQLType="CHAR"
    Type="java.lang.String"
    ColumnType="CHAR"
    TableName="INTERN_2021"
    RetrievedOnUpdate="true"
    RetrievedOnInsert="true">
    <DesignTime>
      <Attr Name="_DisplaySize" Value="100"/>
    </DesignTime>
  </Attribute>
  <Key
    Name="Intern2021Pk"
    PrimaryKey="true">
    <DesignTime>
      <Attr Name="_DBObjectName" Value="INTERN_2021_PK"/>
    </DesignTime>
    <AttrArray Name="Attributes">
      <Item Value="model.entityObject.Intern2021EO.RowId1"/>
    </AttrArray>
  </Key>
  <Key
    Name="SysC001749025">
    <DesignTime>
      <Attr Name="_DBObjectName" Value="SYS_C001749025"/>
      <Attr Name="_checkCondition" Value='"ROW_ID" IS NOT NULL'/>
      <Attr Name="_isCheck" Value="true"/>
    </DesignTime>
    <AttrArray Name="Attributes">
      <Item Value="model.entityObject.Intern2021EO.RowId1"/>
    </AttrArray>
  </Key>
</Entity>
