<?xml version="1.0" encoding="windows-1252" ?>
<adfc-config xmlns="http://xmlns.oracle.com/adf/controller" version="1.2">
  <view id="internsearch">
    <page>/internsearch.jspx</page>
  </view>
  <view id="LOVPG">
    <page>/LOVPG.jspx</page>
  </view>
  <control-flow-rule id="__1">
    <from-activity-id id="__2">internsearch</from-activity-id>
    <control-flow-case id="__3">
      <from-outcome id="__5">*gotoLOV</from-outcome>
      <to-activity-id id="__4">LOVPG</to-activity-id>
    </control-flow-case>
  </control-flow-rule>
  <control-flow-rule id="__6">
    <from-activity-id id="__7">LOVPG</from-activity-id>
    <control-flow-case id="__8">
      <from-outcome id="__10">*backtosearch</from-outcome>
      <to-activity-id id="__9">internsearch</to-activity-id>
    </control-flow-case>
  </control-flow-rule>
</adfc-config>
